Type,BodyPart,Equipment,Level,Title
4,13,2,2,1085
4,16,0,2,310
4,13,2,2,1410
1,13,1,0,1184
4,7,2,2,832
4,8,9,2,2832
4,16,4,2,2727
4,5,3,2,1831
4,13,1,2,341
4,10,4,2,2630
4,10,3,2,2795
4,0,2,2,2645
4,13,4,2,2444
4,0,2,2,788
4,13,4,2,1523
4,0,11,2,412
4,14,3,2,1862
4,0,3,2,779
4,13,4,2,1481
4,0,2,2,235
4,13,1,2,385
4,9,11,0,2219
1,8,1,0,2224
4,13,2,2,1999
4,2,2,2,2803
4,3,3,0,2583
4,14,9,2,2476
4,13,9,2,1877
4,13,2,2,1346
4,14,1,2,551
4,5,4,2,656
4,3,0,2,1668
4,13,2,2,1422
4,0,2,2,1552
4,5,2,2,1112
4,0,3,2,2561
4,14,1,2,2264
4,13,3,2,1710
4,10,4,2,2801
4,9,8,2,866
4,0,2,0,2076
4,13,2,2,1055
4,5,2,2,2793
3,13,1,0,2544
4,0,11,2,2647
4,0,2,2,479
4,9,11,0,268
4,9,3,0,777
4,13,2,2,1480
4,3,4,0,2566
4,0,2,2,243
4,13,2,2,1478
4,14,3,2,2610
4,14,3,2,2378
4,13,2,2,1561
4,0,3,2,1772
4,13,2,2,1070
4,5,2,2,1961
4,9,4,2,1452
4,5,4,2,653
5,8,2,0,2615
4,0,2,2,1476
4,3,4,0,2603
4,14,4,2,594
0,13,2,2,2751
4,5,2,2,587
4,5,1,2,614
4,13,2,2,1516
4,10,3,2,2441
4,11,3,2,2782
4,5,1,2,346
4,13,0,0,1216
4,16,3,2,2637
4,13,11,2,1564
1,8,1,0,2512
4,0,2,2,2621
4,5,4,2,1645
4,15,12,0,2241
4,13,9,2,135
4,13,4,2,728
4,0,2,2,1037
5,4,2,2,2866
4,14,11,2,2418
4,13,2,2,1243
4,0,6,2,75
4,5,4,2,2685
4,14,4,2,1751
4,14,4,2,1201
4,14,8,2,2713
4,3,5,2,40
4,10,2,0,1635
4,3,4,2,248
4,13,9,2,2007
4,0,2,2,1389
4,0,2,2,1688
4,11,1,2,359
4,7,0,0,1215
4,13,4,2,1482
4,5,1,2,2093
4,13,9,2,133
4,14,1,2,2398
4,0,2,2,1542
4,14,1,2,156
4,10,11,2,1205
4,0,2,2,1822
6,5,11,0,970
4,14,4,0,691
4,0,2,2,1136
4,0,2,0,477
4,5,4,2,1646
5,9,2,2,2023
4,5,9,0,1817
4,14,11,2,2847
4,9,8,2,905
4,0,4,2,755
4,14,4,2,1750
4,13,2,2,1770
4,0,2,2,1625
4,0,2,0,985
4,10,2,2,283
4,3,4,2,730
4,15,3,2,513
4,13,1,2,386
4,5,2,2,555
4,14,9,2,157
4,9,11,2,2605
4,3,1,2,336
4,0,2,2,2523
4,0,4,2,1591
4,13,2,2,2215
4,13,8,2,1735
4,10,4,2,1282
4,13,2,2,1154
2,5,10,2,1904
4,14,3,2,149
4,0,10,2,1914
4,5,3,2,2825
5,8,2,0,1208
4,11,3,2,52
4,15,0,2,308
4,9,11,2,219
4,3,4,2,2426
4,16,2,2,1368
4,13,8,2,927
4,14,4,2,145
4,0,2,2,839
4,3,2,2,2790
4,14,3,2,182
4,9,11,2,2884
3,10,1,0,363
4,13,4,2,1518
5,10,12,0,588
4,0,2,2,1985
4,5,2,2,2149
4,16,3,2,1785
4,14,4,2,2167
4,0,2,2,1576
4,0,2,2,1241
4,0,4,2,1928
4,12,2,0,2012
4,0,6,2,784
4,0,2,2,1329
4,9,0,2,2774
4,4,9,2,1811
4,13,2,2,1468
4,4,9,2,2482
4,9,11,2,1451
2,13,4,2,722
4,13,2,2,446
4,0,10,2,1905
4,14,1,2,1661
4,14,3,2,168
4,5,2,2,1081
4,0,2,2,1549
3,13,1,2,356
4,11,10,2,187
4,16,1,2,403
4,13,1,2,1169
4,0,2,2,1567
5,10,2,2,2906
4,11,9,0,1818
4,14,8,2,825
4,0,3,2,2559
4,0,4,2,700
4,0,2,2,426
4,0,2,2,1398
4,10,9,0,2247
4,0,4,2,665
1,13,1,2,2156
4,13,4,2,1505
5,4,0,2,2103
4,0,4,2,671
4,3,1,2,2198
2,13,11,0,2362
4,6,4,0,2262
2,13,2,2,1002
4,13,4,2,753
4,0,10,2,1918
5,6,2,0,2901
0,13,9,2,2551
4,9,4,2,422
4,12,2,0,1684
4,0,8,2,474
4,7,4,2,885
6,6,11,0,2208
4,0,2,2,2114
4,13,9,2,1172
4,3,3,2,2823
0,13,9,0,2177
4,0,2,2,1063
4,14,4,2,2401
4,14,4,2,876
4,10,8,2,894
4,13,2,2,1211
4,11,3,2,2032
4,13,11,2,1633
4,14,1,2,1747
4,16,3,2,2230
4,0,2,2,396
0,11,9,2,2232
4,0,2,2,2335
4,5,4,2,2400
4,0,2,2,1956
4,13,2,2,926
4,13,8,2,854
4,8,1,2,338
4,10,8,2,900
4,0,2,2,1129
5,14,11,2,2175
4,5,4,2,1648
0,0,2,2,1128
2,5,2,0,2128
4,14,11,2,978
4,11,11,2,2100
4,13,4,2,1363
4,5,9,2,2492
4,0,6,2,174
4,13,0,2,1029
4,5,3,2,1642
4,14,8,0,2762
4,13,2,2,1987
4,16,3,2,2839
4,5,2,2,1919
2,13,2,2,1706
4,16,3,2,507
4,13,8,2,2407
4,0,2,2,1465
4,6,3,0,499
5,9,7,2,1802
4,13,2,2,1440
4,5,2,2,1758
4,5,2,2,1655
4,3,4,2,1236
4,14,4,2,1612
4,13,8,2,892
4,3,4,2,1366
4,13,9,2,2130
4,13,4,2,1242
4,13,2,2,1411
4,3,1,2,2199
4,3,4,2,31
4,7,8,2,2788
4,9,4,2,806
4,0,11,2,1438
4,6,4,2,756
4,11,11,2,2497
4,7,10,2,1907
4,0,2,2,1191
4,0,2,2,952
4,11,2,2,1992
5,13,2,0,2176
2,13,2,2,2520
4,0,2,2,1486
4,5,1,2,205
4,0,2,2,620
5,0,2,2,1121
4,13,2,2,1067
4,3,4,2,1498
5,14,11,0,329
4,0,2,2,2115
4,11,3,2,2694
4,5,1,0,2892
4,5,2,2,1962
4,14,3,2,2374
6,13,11,2,2721
4,10,4,2,874
5,0,2,2,2244
4,13,2,2,2734
4,4,2,2,1092
4,0,2,2,1330
4,13,11,2,2539
4,8,9,2,1849
4,5,9,2,99
4,0,4,2,880
4,13,2,2,1949
4,3,4,2,1017
4,3,3,2,22
4,0,10,2,1221
4,13,1,2,2490
4,0,2,2,2311
4,5,0,0,408
4,0,2,2,2117
4,9,3,2,401
4,11,4,2,1674
4,5,2,2,102
4,0,2,2,113
4,0,2,2,1319
4,0,2,2,883
4,16,9,2,26
4,16,4,2,16
4,13,9,2,128
4,13,2,2,920
3,16,11,0,530
4,0,6,2,192
2,13,11,2,471
4,13,11,2,761
4,8,9,2,1803
4,3,3,0,1859
4,0,2,2,1122
4,14,11,2,2121
4,16,2,2,2
4,9,2,2,2147
2,13,11,0,2366
4,0,2,2,1767
4,7,2,2,2860
4,9,2,2,1762
6,10,11,2,274
4,13,2,2,442
4,0,1,2,623
4,0,2,2,185
4,0,6,0,2874
4,11,1,2,47
4,6,0,2,307
4,5,9,0,2479
4,10,6,0,796
4,9,4,2,1449
5,13,2,2,1873
4,7,2,2,2787
4,13,1,2,2843
4,9,9,2,2425
4,5,1,0,2897
4,13,2,2,2280
4,16,2,2,413
5,13,11,0,1677
5,1,2,0,2451
4,5,2,2,1442
4,9,4,2,2633
1,13,1,0,1202
4,14,4,2,818
4,0,2,2,2326
4,0,2,2,2212
4,0,2,2,1139
4,14,9,2,2486
4,0,2,2,974
4,0,4,2,721
4,13,2,2,2737
4,5,2,2,0
4,11,3,2,2254
4,5,2,2,1423
5,5,11,0,400
4,9,11,1,271
4,0,2,2,1034
4,3,3,2,8
4,5,11,2,2714
4,13,2,2,1150
5,10,2,2,2101
4,7,3,2,506
4,0,6,2,2674
4,14,4,2,666
4,16,3,2,2756
4,15,9,0,521
1,8,1,0,547
4,7,9,2,123
5,8,12,2,2233
4,5,2,2,1340
4,9,3,2,2635
4,0,2,2,1200
4,3,4,2,35
4,0,3,2,78
4,0,4,2,911
4,9,2,2,2333
4,14,3,0,495
4,14,4,0,2134
4,0,2,2,1134
2,2,11,2,1797
4,14,0,2,309
4,0,11,2,1435
4,0,2,2,1159
4,0,0,2,302
4,13,11,2,1593
4,4,9,0,2481
4,11,11,2,258
4,5,1,2,2820
0,8,11,0,2471
4,0,2,2,830
4,3,11,0,2660
4,0,12,2,622
4,0,2,2,1109
4,11,3,2,2095
4,14,1,2,1875
4,14,3,2,2824
4,14,4,2,267
4,7,2,2,2624
4,0,3,2,2353
4,0,2,2,114
4,0,2,2,1230
4,0,9,2,191
0,13,2,2,1707
4,13,2,2,1474
4,0,9,2,2483
4,10,2,2,1056
4,9,0,2,2773
4,13,2,2,1293
4,5,4,2,87
2,13,2,2,629
4,3,11,0,2193
4,8,9,2,2274
4,8,9,2,1870
4,9,11,2,1450
5,6,12,0,1774
4,0,2,2,2888
4,0,2,2,1372
4,13,4,2,1609
4,6,11,2,1787
5,1,2,2,1120
4,7,4,2,2431
4,14,4,2,152
4,5,9,2,1882
4,11,4,2,1901
4,3,4,2,2090
2,13,2,2,2463
4,13,4,2,1965
2,5,10,0,536
4,0,11,2,1260
4,0,0,2,2078
5,7,2,2,2030
4,0,2,2,834
4,14,4,0,2188
4,13,4,2,1588
4,13,2,2,2821
4,13,2,2,448
6,13,11,2,2465
4,16,5,0,1844
4,10,2,2,2655
4,13,1,2,335
4,0,2,2,829
4,16,0,2,304
4,7,2,2,1101
4,7,2,2,1288
4,0,2,2,259
4,11,2,2,58
4,13,11,2,1586
4,14,4,2,689
4,8,8,2,2413
4,5,3,2,490
4,13,4,0,694
5,8,11,0,1848
4,13,11,0,354
4,0,10,2,2077
4,5,2,2,1942
4,0,2,2,1219
4,14,4,2,204
4,0,2,2,772
4,14,2,2,397
4,13,1,2,2085
4,0,4,2,1377
2,13,2,2,2332
4,4,9,0,514
4,14,4,2,878
4,10,2,2,1057
4,0,2,0,1197
4,0,2,2,1548
4,5,4,2,1669
4,13,4,2,1608
4,13,2,2,1106
4,13,4,2,1262
4,5,2,2,2837
4,3,3,2,197
3,16,4,2,714
4,0,2,2,1096
4,9,8,2,933
4,14,11,2,2469
4,15,4,2,2568
4,13,2,2,1252
4,13,4,2,1607
4,3,4,0,948
4,0,11,2,2879
5,10,2,2,1158
4,3,5,2,18
4,4,2,2,2602
4,7,3,2,2799
4,0,2,2,1318
4,0,10,2,916
4,0,2,2,774
2,5,10,0,538
4,8,1,0,2627
4,5,1,0,2891
4,13,9,2,132
4,13,2,2,1030
4,11,1,2,70
4,13,1,2,1744
4,0,2,2,919
4,7,2,2,1074
4,0,3,2,2397
6,6,11,2,713
4,13,9,2,1854
4,3,4,0,1654
1,8,1,0,546
5,14,2,2,2317
4,14,4,2,267
4,0,8,2,1714
4,13,11,0,2880
4,0,3,0,503
4,3,5,2,2570
4,4,9,2,130
4,8,4,2,121
4,13,2,2,2246
4,0,2,2,1544
4,16,3,2,213
2,13,4,2,725
4,5,0,2,2704
5,16,2,2,2753
0,13,11,2,2125
4,0,2,2,2151
4,0,2,2,1232
4,13,1,1,372
4,8,9,2,1809
4,0,2,2,838
4,0,2,2,822
4,2,2,2,1094
4,0,2,2,2700
4,13,2,2,1079
4,3,4,0,2064
5,7,2,2,1866
5,4,2,2,2258
1,15,1,0,2514
4,13,2,2,1509
4,9,9,2,2206
4,13,6,0,457
4,5,2,0,553
4,0,1,2,2287
4,4,1,0,2592
4,3,4,2,24
4,0,2,2,1491
4,13,2,2,1408
4,0,2,2,108
4,7,2,2,1373
4,13,2,2,2863
5,8,2,2,2900
4,14,4,2,2273
4,9,8,2,2337
4,8,8,0,1717
4,0,2,2,1066
4,13,2,2,1075
2,13,2,2,2644
4,7,2,0,990
4,13,4,2,1599
4,0,2,2,1228
5,0,2,2,1832
4,5,3,2,103
4,14,4,2,2424
4,0,1,2,378
4,8,2,2,2143
4,0,2,2,581
4,0,2,2,176
5,7,2,0,2267
4,0,11,2,2321
3,8,0,0,291
6,13,11,2,398
4,0,11,2,1621
4,14,1,2,2053
4,16,1,2,217
4,14,1,2,144
4,14,4,2,2263
4,8,9,2,2449
4,0,11,2,2886
4,11,9,2,64
4,6,1,2,2063
0,13,2,2,470
4,14,9,2,158
4,16,3,2,10
0,13,2,2,2745
4,11,4,2,732
5,2,2,0,1005
4,10,3,2,2291
4,11,4,2,1008
4,0,2,2,1973
3,8,1,0,2648
4,4,9,2,2256
4,13,1,2,332
4,7,2,2,1466
4,11,3,2,2254
4,0,2,2,1858
4,14,1,2,1883
4,11,4,2,48
4,3,4,2,36
4,13,2,2,943
4,9,1,2,2184
4,13,2,2,2617
4,14,4,2,1650
4,14,4,2,165
4,0,2,2,805
4,0,4,2,1594
4,14,2,2,1073
4,5,3,2,2399
4,0,2,2,2810
4,0,2,2,1957
4,13,1,0,464
4,13,1,2,2088
4,0,2,2,1258
4,13,8,2,2350
4,14,11,2,525
4,16,2,2,405
4,14,11,0,2466
4,13,2,2,1347
4,14,3,2,2296
4,0,2,2,2239
4,3,4,0,435
4,9,1,2,424
4,0,2,2,1317
4,13,2,2,1239
4,4,9,2,1171
4,0,2,2,1103
4,10,2,2,1047
4,14,4,2,1520
4,11,1,2,379
4,0,2,2,201
4,0,2,2,1
4,5,9,0,1815
4,0,2,2,1970
4,0,2,2,1582
4,13,2,2,2536
4,0,2,2,415
4,5,3,2,2031
4,0,2,2,1783
4,0,2,2,1238
4,16,3,2,498
4,3,4,2,1933
4,13,8,2,827
4,6,4,0,2062
4,6,4,0,2278
4,11,1,2,2102
4,13,4,2,120
4,0,4,2,879
4,13,2,2,1419
2,13,2,2,2131
4,0,8,0,231
4,13,1,2,117
4,9,11,0,1784
4,13,1,2,368
4,14,4,2,1394
4,13,9,0,1816
4,5,2,2,2521
4,14,9,2,2503
5,4,11,0,967
2,5,10,0,535
4,13,11,2,1614
4,13,2,2,321
4,4,9,2,2477
4,9,3,2,2354
4,13,2,2,941
4,8,2,2,1108
1,14,1,0,2170
5,8,2,2,1867
4,14,4,2,720
4,0,2,2,1546
4,15,3,2,509
4,0,4,2,1940
4,16,3,2,1779
4,5,9,2,2478
5,4,2,2,2573
4,9,11,1,272
5,13,2,2,2021
4,14,4,2,708
4,0,2,2,1110
4,13,2,2,2438
5,14,12,0,2334
4,13,1,2,353
4,3,1,0,1850
4,14,11,2,2743
4,1,2,2,586
4,14,8,2,1732
4,0,2,2,983
4,0,2,2,954
4,16,4,2,2394
4,13,2,2,1926
4,16,2,2,2642
4,14,11,2,2542
4,4,11,2,2453
4,9,2,2,1681
4,13,11,2,1788
4,10,1,2,106
5,13,12,0,973
4,0,2,2,604
4,13,9,2,127
4,7,2,2,2862
4,0,2,2,1257
4,5,0,0,577
4,14,4,2,2616
4,0,2,2,992
2,5,2,0,545
4,8,9,2,2270
4,14,4,2,203
4,16,4,2,1369
4,0,2,2,2342
0,5,2,2,2672
4,14,4,2,155
2,13,2,2,2348
4,0,2,2,1960
4,14,8,2,2406
4,16,5,2,608
4,13,8,2,2707
5,1,2,2,2899
6,10,11,0,276
4,3,2,2,2792
4,0,2,2,1306
3,8,9,2,989
4,10,8,2,842
4,9,2,2,2019
4,13,2,2,1328
4,14,4,2,684
4,13,2,2,1289
4,10,2,0,2071
4,14,4,2,2831
4,7,2,2,1838
4,0,2,2,2299
4,0,2,2,1968
4,7,2,2,2725
5,14,11,0,534
4,11,11,2,2669
4,8,4,2,2629
5,13,2,2,261
4,0,2,2,2723
4,0,2,2,1550
4,5,9,2,1890
5,11,2,2,1990
4,16,3,2,278
3,16,1,2,407
4,0,11,2,1547
2,13,2,0,2622
4,11,11,0,1679
4,13,11,2,2885
4,14,4,2,2231
4,14,4,2,814
4,9,3,2,2643
4,0,2,2,1489
4,13,8,2,903
4,13,2,2,2726
4,14,4,2,1497
4,0,2,2,2736
4,0,2,2,1135
4,0,11,0,2120
4,16,3,2,9
1,14,1,2,402
4,5,11,2,642
5,8,2,2,1168
4,7,2,2,746
4,10,3,2,2018
2,8,2,2,1766
4,8,9,0,2190
4,2,2,2,2346
4,14,0,2,2819
4,0,2,2,1039
4,13,2,2,1628
4,13,2,2,1337
4,13,2,2,1415
4,13,9,2,2450
4,5,4,2,606
4,13,2,2,1748
2,8,2,2,1995
4,14,5,2,1659
5,14,2,2,2058
5,8,11,0,532
2,13,12,2,726
4,0,2,2,1487
5,4,12,0,520
4,6,11,0,2118
4,7,2,2,1272
4,11,2,2,1025
4,0,8,2,897
4,5,2,0,559
4,14,3,2,491
4,5,2,2,630
4,11,4,2,754
4,13,1,0,976
4,13,4,2,662
4,0,4,2,699
4,11,8,2,860
4,0,3,2,2601
4,8,9,2,2096
4,3,4,0,580
4,9,4,2,859
4,14,6,2,432
4,15,9,2,2509
4,0,10,2,914
4,14,4,2,817
1,13,1,0,552
5,8,0,2,2574
2,8,2,2,1632
4,0,2,2,1952
4,0,2,2,364
5,9,12,0,2344
4,4,9,2,2283
4,11,3,2,72
4,3,4,2,251
4,0,3,0,492
4,13,2,2,1801
3,10,1,0,2268
4,13,2,2,1118
4,0,4,1,682
4,3,9,2,1894
4,16,9,2,2494
4,16,4,2,1379
4,5,2,2,184
4,14,4,0,686
4,13,1,0,2877
4,13,2,2,1424
4,5,9,2,100
4,0,4,2,710
4,0,2,2,2534
4,0,2,2,1323
4,3,4,0,2261
5,13,2,2,1166
0,13,9,2,2749
4,13,1,2,2777
4,9,1,0,375
4,16,5,2,767
4,13,2,2,2439
4,8,2,2,1009
4,7,2,2,1209
4,13,2,2,1981
5,10,2,2,1630
4,3,4,2,685
5,14,2,2,2850
4,13,4,2,1060
4,14,4,2,1458
4,5,3,2,482
4,13,11,2,1511
2,13,11,0,2361
4,8,8,0,2043
4,13,11,2,1248
4,10,2,2,1148
4,10,0,2,297
4,14,4,2,183
4,10,4,2,1499
4,10,4,2,1285
5,10,2,2,2161
4,5,11,2,2878
4,5,2,2,610
4,16,4,2,3
4,10,1,2,599
4,0,2,2,2812
4,0,2,2,1959
4,5,1,2,1754
5,3,7,0,466
4,0,2,2,2159
4,0,2,2,1827
4,0,11,2,1603
4,13,2,2,2546
4,16,2,2,447
2,5,11,0,609
4,0,0,2,803
4,0,2,2,1930
4,13,2,2,1038
4,0,2,2,1157
4,14,9,2,1898
4,13,2,2,2809
4,5,0,2,306
4,0,2,2,326
4,0,2,2,1115
5,11,2,2,2845
4,0,2,2,2747
4,1,2,2,1944
5,16,2,0,2052
4,0,2,2,2340
0,14,2,2,2310
4,0,2,2,1322
4,10,11,0,2070
4,10,2,2,1027
4,11,3,2,71
4,10,4,2,2686
4,14,3,2,166
4,16,3,2,2755
4,16,4,2,762
4,11,2,2,56
5,0,2,2,573
4,0,2,2,543
4,0,2,2,1426
4,6,4,2,2646
4,3,4,2,651
4,0,2,2,2221
4,13,2,2,1068
4,4,9,2,2257
4,5,4,2,1670
4,9,4,2,1932
4,16,11,0,2664
4,0,1,2,330
4,16,4,2,738
4,3,1,2,360
4,9,1,2,2371
4,14,4,2,2396
4,5,2,0,2349
4,13,8,1,2408
4,14,1,2,367
4,13,2,2,1403
4,0,2,2,1064
4,14,4,2,1749
4,0,9,2,1891
2,5,2,0,2654
4,13,1,2,195
4,6,4,2,2343
4,11,1,2,2683
4,10,4,2,747
4,5,4,0,2035
4,0,2,2,2522
4,0,10,2,757
4,9,2,2,2004
4,5,6,0,456
4,13,4,2,2356
4,16,2,2,42
4,0,2,2,252
4,9,11,2,1290
4,13,11,2,2670
4,5,2,2,833
4,5,1,0,979
4,0,2,2,1123
4,13,0,2,327
4,13,9,2,2836
4,0,2,2,1975
4,13,0,0,969
4,3,1,2,218
4,3,3,2,511
4,1,2,2,2748
4,13,2,2,1155
4,0,11,2,1604
4,0,10,2,1912
4,0,2,2,1796
4,14,4,2,1140
4,13,2,2,1059
4,5,4,0,2205
4,10,2,2,2881
4,14,4,2,2390
4,3,1,0,337
4,5,2,2,1977
4,14,4,2,2657
4,11,3,2,177
4,13,4,2,672
4,14,3,0,487
4,14,1,2,2288
4,5,4,2,616
4,0,2,2,1538
4,7,4,2,1392
4,13,2,2,1355
4,16,2,2,2210
4,13,2,2,1356
4,9,2,2,2229
2,5,10,0,537
4,13,1,2,343
4,0,2,2,1019
4,13,2,2,1234
4,13,0,2,908
4,14,0,2,298
2,14,12,0,1771
6,13,11,0,2907
4,10,4,2,1284
4,14,1,2,2557
4,3,3,2,2054
4,5,9,2,2502
4,0,2,2,257
2,13,2,2,2234
4,3,5,2,20
4,0,11,2,835
4,9,9,2,2276
4,13,9,2,2300
4,0,3,2,80
4,0,11,2,2875
5,11,2,2,2527
4,9,2,2,2827
4,16,2,2,946
4,13,4,2,178
1,13,1,0,2511
4,13,1,2,1746
4,13,1,2,377
2,13,2,2,1699
4,13,2,2,2808
4,11,1,2,418
4,13,11,2,384
4,3,1,0,562
4,0,4,2,1361
4,13,2,2,1147
4,13,2,2,824
5,14,2,2,2313
4,16,4,2,2851
4,0,2,2,1412
2,13,2,2,2517
4,9,10,2,858
4,13,8,2,864
5,9,2,2,2029
4,16,9,2,2050
4,9,3,2,2589
4,5,11,2,1431
4,13,2,2,2002
4,14,4,2,677
4,14,3,2,2421
5,13,2,2,2572
4,16,3,2,2202
4,0,2,2,414
4,3,4,2,811
4,13,2,2,1223
4,13,2,2,1161
0,13,2,2,1210
4,0,1,2,613
4,8,4,2,688
4,13,2,2,1253
4,3,4,2,236
4,3,4,2,28
4,16,4,2,27
4,15,9,2,2485
4,14,0,0,1793
4,10,0,2,918
2,13,4,2,741
4,13,8,2,1737
4,0,11,2,2625
4,16,2,2,2066
4,13,4,2,718
4,12,2,0,1683
4,13,4,0,2355
4,1,2,2,1069
4,3,3,0,2186
4,8,2,2,449
4,13,2,2,460
4,13,4,2,1711
5,10,2,2,1631
4,13,2,2,1380
4,13,2,2,1921
4,3,0,2,320
4,15,1,2,358
4,14,4,2,1641
4,5,0,2,2235
4,9,8,2,850
5,4,2,0,1764
4,0,2,2,1332
4,13,4,2,1964
4,13,2,2,1043
4,11,1,2,421
4,0,3,2,198
4,3,1,2,433
4,13,9,2,2500
4,8,1,0,2513
4,0,8,2,1741
1,13,1,0,2020
4,10,2,2,1929
4,13,11,2,1602
4,13,8,2,2148
4,5,2,2,554
4,5,6,2,957
4,5,2,2,1978
4,0,8,2,896
4,13,12,2,2499
4,13,2,2,1496
5,8,2,0,1765
4,0,4,2,745
4,13,4,2,679
2,13,2,2,1705
4,14,4,2,2295
1,13,1,0,2136
4,11,4,2,2783
4,0,2,2,1181
4,5,4,2,2384
4,0,8,2,2765
4,0,2,2,1578
4,14,4,2,707
4,13,9,2,1807
4,0,2,2,1629
4,7,2,2,1124
1,8,1,0,2887
4,13,2,2,1414
2,8,2,2,1823
4,8,1,2,387
4,0,2,0,2082
4,0,2,2,1418
4,0,2,2,1353
4,13,2,2,2785
4,7,2,2,991
4,5,4,2,706
4,3,1,2,768
4,3,4,0,961
4,14,4,2,1653
4,0,4,2,2301
4,0,10,2,140
4,6,1,0,2595
2,13,2,2,2530
4,0,2,2,1974
3,8,1,2,998
5,8,2,2,2611
4,14,4,2,429
4,14,4,2,2165
4,11,3,2,66
4,5,0,2,317
4,14,3,2,2168
5,7,2,2,260
5,4,2,2,2104
4,7,2,2,1342
4,16,4,2,659
4,16,4,0,2027
4,14,4,2,2584
4,13,2,2,1251
4,13,8,2,899
4,5,4,2,2833
4,13,2,2,1417
4,3,1,2,771
4,16,3,2,13
4,5,2,2,1325
4,3,4,0,2141
4,10,1,2,2099
4,13,2,2,1429
4,13,8,2,901
4,0,2,2,1484
4,0,4,2,1958
4,14,4,2,1657
3,8,1,0,999
4,13,6,2,782
5,4,12,0,2586
5,8,12,0,2846
4,11,1,0,339
4,14,3,2,2292
4,5,4,2,605
4,0,3,2,2599
4,14,4,2,935
4,3,4,2,704
4,0,2,2,2142
4,0,0,2,855
4,5,1,2,2682
4,3,3,0,505
4,3,4,2,571
4,4,2,2,2562
4,0,2,2,1231
4,0,9,2,2508
4,0,3,2,2597
4,13,4,2,1471
4,0,2,2,1350
4,0,2,2,1541
4,13,8,0,982
4,5,4,2,1443
3,8,1,0,1189
0,13,2,2,1704
4,5,4,2,2017
3,16,1,0,410
4,9,4,2,1396
4,12,11,0,1846
6,14,11,0,544
5,10,12,0,2585
4,11,0,2,2081
4,5,3,2,1663
4,13,4,2,2393
0,13,11,0,639
4,13,2,2,1222
4,14,11,2,2124
4,13,2,2,1040
4,0,2,2,2109
4,0,2,2,1579
4,13,9,2,122
6,13,11,0,524
4,3,3,2,2289
4,13,2,2,1521
4,13,11,2,452
4,9,0,2,2775
4,6,11,2,2122
4,9,9,2,2422
4,13,2,2,971
4,0,4,2,912
5,8,12,0,1868
4,16,3,2,2383
4,9,3,2,496
4,3,4,2,207
4,14,4,2,1658
4,11,8,2,867
4,0,4,2,658
4,13,2,2,1313
4,7,6,2,787
4,11,8,2,2411
4,14,8,2,1088
4,13,9,2,247
4,11,11,2,1857
4,7,2,2,2858
4,0,11,2,2666
4,16,4,2,748
4,5,2,0,2044
4,0,2,2,1514
4,13,9,2,2446
4,5,2,2,1348
4,6,11,0,2582
4,8,2,2,1024
4,0,2,2,1969
4,3,4,2,1644
4,0,1,2,74
4,5,2,2,923
4,9,4,2,2729
4,13,2,2,1943
4,0,2,2,2652
4,14,4,2,206
4,0,2,2,568
4,8,8,0,634
1,13,1,0,2529
4,2,9,2,2717
4,0,8,2,1388
2,8,11,0,462
4,3,1,2,2086
4,5,1,2,82
4,13,2,2,1020
4,0,2,2,2459
4,5,2,0,2549
2,5,11,0,1203
4,14,9,2,2367
4,13,8,0,1721
4,0,2,2,591
4,0,2,2,1279
5,8,2,0,246
4,11,3,2,67
4,5,3,2,2290
4,14,1,2,2594
4,0,2,2,1160
4,11,1,2,2779
4,0,11,2,1572
4,13,2,2,2813
4,13,2,2,1472
4,5,4,2,1667
4,3,9,2,2423
4,5,2,0,2898
4,5,9,2,83
4,13,2,2,1946
4,0,3,2,2596
5,1,7,2,1637
4,0,6,2,955
4,5,2,2,199
4,13,2,2,1575
4,14,7,2,1696
4,0,3,2,2766
4,14,4,2,727
4,9,2,2,431
4,14,2,2,2315
4,6,3,0,2285
4,0,8,2,638
2,14,2,2,2178
4,13,1,2,1709
2,14,10,0,288
4,13,2,2,1167
4,4,1,2,2506
4,14,4,2,734
4,5,1,0,344
4,14,4,2,2728
4,10,1,2,2829
4,0,2,2,1036
4,14,0,2,1693
5,16,2,2,2757
4,13,8,2,863
4,0,2,2,209
4,13,1,1,2427
4,13,9,2,210
4,14,0,2,162
2,13,2,0,2217
4,0,2,2,1698
2,13,12,0,238
4,13,1,2,381
4,5,1,0,334
4,11,4,2,1931
4,14,8,2,1742
4,0,2,2,579
4,9,11,2,1676
4,16,3,2,2697
4,13,11,2,1592
4,8,4,2,674
4,5,2,2,956
4,9,11,0,965
4,0,6,2,846
3,5,1,2,438
4,0,2,2,1080
4,0,2,2,575
4,13,1,2,984
4,5,2,2,2243
4,3,3,2,485
4,5,2,0,2772
4,13,2,2,1469
4,14,3,2,2600
4,11,1,0,2904
4,14,8,2,2414
4,13,2,2,1639
4,13,11,2,1611
4,3,11,0,2123
4,13,0,2,311
4,9,8,2,931
4,3,4,2,214
4,15,0,0,2848
4,8,8,2,2447
4,13,9,2,1806
4,16,4,2,2305
4,5,9,2,2487
4,14,11,2,391
4,5,2,2,1345
4,8,2,2,139
4,13,1,2,355
4,16,4,2,2056
2,13,6,2,2865
4,14,8,2,886
4,0,11,2,1436
6,13,11,2,2468
4,13,9,2,2484
4,4,9,0,2564
4,14,1,2,194
4,8,3,2,2598
4,5,2,2,2789
4,0,2,2,1133
4,5,2,2,2157
4,9,3,2,2634
5,1,2,2,2612
4,3,3,2,2618
4,13,12,2,2456
2,13,2,2,1700
4,16,2,2,2882
4,5,2,0,1697
4,7,2,2,2445
4,14,1,2,357
4,13,4,2,1941
4,0,11,2,1613
4,0,2,0,1689
4,13,2,2,1971
4,0,2,2,1065
4,14,4,2,1061
4,0,2,2,1035
4,13,4,2,2800
4,0,8,0,1720
4,3,1,0,2259
4,5,11,2,539
2,13,2,0,2537
5,4,7,0,519
4,13,11,2,1562
4,13,4,2,1473
4,0,1,2,613
4,13,2,2,1507
4,13,2,2,1702
5,14,2,2,1130
1,13,1,0,2528
4,3,4,2,847
1,8,1,0,1187
4,3,4,2,2298
4,0,10,2,1908
4,0,11,2,2046
4,13,4,2,1610
4,0,11,2,1430
4,11,11,2,57
4,3,3,2,7
4,0,2,2,615
4,14,8,2,932
4,13,4,2,2309
4,7,2,2,124
4,11,4,0,420
4,16,11,2,439
4,0,1,2,2417
2,13,2,1,2540
4,5,1,2,1745
4,0,2,2,2324
4,13,8,2,2214
4,0,2,2,2079
4,13,2,2,1441
4,6,1,0,2297
4,13,4,0,652
4,3,4,2,29
4,13,9,2,1812
4,3,5,2,41
4,13,1,2,2778
4,11,1,2,69
4,0,2,2,1555
3,10,1,0,2180
4,13,1,2,352
4,0,2,2,1986
4,0,2,2,1198
4,7,2,2,1271
4,0,2,2,2720
4,5,1,2,84
2,14,2,2,2870
4,14,1,2,947
3,16,1,0,962
4,5,4,2,2434
4,13,9,2,2006
4,0,2,2,1320
4,0,3,0,455
4,0,2,2,116
4,5,0,2,2797
0,13,2,2,2861
4,0,2,2,1531
4,13,9,2,134
4,11,4,2,51
5,13,2,2,1828
3,16,1,0,963
4,9,2,2,1703
4,9,3,2,558
4,0,2,2,1371
4,6,11,2,469
4,0,2,2,437
4,0,2,2,1950
4,11,4,2,2034
4,14,3,2,508
4,13,4,2,1936
2,13,2,2,2048
4,13,4,2,1406
4,14,4,2,870
4,11,1,2,2042
4,3,3,2,504
4,13,4,2,2388
4,16,1,2,6
4,5,2,2,2805
4,7,2,2,595
4,0,11,2,1535
4,1,0,2,945
4,14,4,2,2385
4,0,11,2,1310
4,14,4,2,2429
4,5,2,2,189
4,13,8,2,826
4,0,2,2,2047
4,11,8,2,1725
4,11,3,2,2840
4,3,4,2,38
4,13,2,2,1268
4,0,2,2,2112
4,8,8,2,1719
4,13,11,2,454
4,0,2,2,1001
4,0,2,2,2816
4,0,11,2,1789
4,16,2,2,443
4,15,9,2,1893
4,16,3,2,279
4,0,11,2,1308
4,0,2,2,2741
4,14,4,2,1457
4,0,4,2,1939
4,8,12,0,993
4,13,2,2,1935
4,14,4,2,2607
4,6,4,0,2061
4,3,1,2,556
1,8,1,0,2531
4,13,2,2,1513
4,13,1,2,2691
4,0,2,2,808
4,13,2,2,1031
4,13,10,2,1909
4,14,4,2,1365
4,16,4,0,698
5,8,2,0,1640
4,13,1,2,347
4,14,4,2,2419
3,5,0,0,409
5,8,11,0,2271
4,8,8,0,2405
4,14,8,0,2041
4,16,4,2,641
6,13,11,0,570
4,0,2,2,1967
4,13,4,2,1504
2,13,10,2,1910
4,16,2,2,15
4,0,2,2,1097
4,13,8,2,898
4,0,2,2,2011
4,13,2,2,2191
4,16,11,2,1899
4,10,2,2,1833
4,5,4,2,425
4,14,2,2,1761
4,13,4,2,711
4,13,2,2,1795
4,14,1,0,2516
6,8,11,0,2137
4,0,2,2,2113
4,10,2,2,1164
4,13,2,2,2856
4,13,11,2,1574
4,11,4,2,703
4,13,4,2,750
4,0,2,2,2106
4,13,2,2,1383
4,13,11,2,1560
5,1,2,2,1152
4,4,9,2,1896
6,13,11,0,2240
4,0,11,2,1596
4,13,4,2,687
4,13,1,2,382
4,10,4,2,724
4,0,2,2,1194
4,0,6,2,241
4,13,2,2,1084
4,0,2,2,1492
4,0,11,2,141
4,0,2,2,1229
5,0,2,2,2279
4,3,1,2,2591
4,14,4,2,240
4,14,8,0,1715
4,9,4,2,740
4,13,2,2,1042
4,9,11,2,284
4,14,4,2,743
4,3,9,0,1876
4,0,2,2,1192
4,9,11,2,1448
4,5,1,2,2828
2,13,11,2,2432
4,10,6,2,791
4,0,11,2,1571
4,0,3,2,779
4,13,1,2,118
4,0,0,2,322
4,0,4,2,1924
4,15,1,2,2404
4,0,2,2,1255
4,0,0,2,612
4,7,2,2,2859
4,5,0,2,317
4,0,2,0,576
4,5,9,2,2496
4,0,2,0,2659
4,13,2,2,393
3,5,11,0,531
4,14,7,2,1695
4,9,2,2,2740
4,10,2,2,1634
4,14,3,2,167
4,13,2,2,1100
4,14,1,2,340
4,13,4,2,723
4,13,2,2,1508
4,13,4,2,1590
4,15,4,2,2391
4,8,1,2,2222
3,10,1,0,2172
4,0,10,0,2074
4,13,2,2,1143
4,9,3,2,2835
4,0,11,2,624
4,5,11,2,2127
2,0,2,2,2867
4,0,4,2,1617
4,14,4,2,151
4,13,9,2,1885
4,0,2,2,1475
4,0,11,2,1434
4,13,2,2,444
4,7,2,2,2010
4,13,10,2,799
4,13,4,2,1584
4,14,11,2,2620
4,13,2,2,1093
0,13,9,2,2750
4,0,2,2,1488
4,11,1,2,2780
4,14,4,2,2567
4,14,4,2,1938
4,13,2,2,1264
4,15,9,2,2505
4,5,0,0,950
4,11,1,0,2119
4,5,2,2,2873
4,5,2,2,101
5,4,11,0,264
2,8,11,0,465
2,13,2,0,2473
4,0,2,2,1144
2,13,2,1,2245
4,0,8,2,1738
4,0,2,2,1331
4,0,2,2,1557
4,3,1,2,2249
4,0,4,2,2386
4,0,12,2,626
4,0,2,2,2116
4,14,4,2,2402
4,7,2,2,1580
4,14,4,2,744
2,0,10,2,1911
4,13,11,2,1585
4,7,2,2,1374
4,5,9,2,478
4,0,2,2,1006
4,0,4,2,668
4,0,11,2,224
4,5,3,0,500
4,5,4,2,2387
4,13,2,2,1250
4,13,1,0,981
1,15,1,0,549
4,5,10,2,1913
4,13,4,2,1524
4,0,2,2,1563
4,9,8,2,906
4,14,4,2,262
4,0,2,2,882
4,9,3,2,2242
4,13,2,2,1358
4,0,4,2,112
5,14,2,2,2318
5,1,2,0,2576
4,0,11,2,2876
5,2,7,0,229
4,13,8,2,644
4,0,2,2,2174
4,11,3,2,53
4,0,2,2,1053
4,4,9,2,2255
4,13,4,2,451
4,13,4,2,119
4,13,2,2,1142
4,3,4,2,729
2,13,2,2,2535
4,14,4,2,2282
4,0,4,2,709
2,13,2,2,472
5,0,2,0,2631
4,9,3,2,1791
4,13,9,2,1810
4,0,4,2,1553
4,13,8,0,1716
4,13,2,2,1336
4,0,11,2,1375
4,3,4,2,934
2,13,2,2,1638
4,13,2,2,441
4,3,4,2,705
4,0,2,2,1315
4,5,2,2,1295
4,13,2,2,1013
4,0,3,2,423
2,0,2,2,2464
2,8,4,0,2855
2,13,11,0,2359
4,0,2,2,1545
4,8,9,2,2452
5,13,2,2,2028
4,8,4,0,2223
4,16,11,2,1428
5,13,2,2,2022
4,0,2,2,2768
2,13,2,2,468
4,0,2,2,1947
4,13,2,2,1265
6,14,11,0,1826
3,13,1,0,2181
4,3,4,2,1837
4,0,2,2,2767
4,0,2,0,1199
4,14,4,2,2055
4,13,4,2,2731
4,0,2,2,804
4,3,4,2,2260
0,13,2,0,949
4,0,2,2,1569
4,1,2,0,958
4,0,2,2,392
4,13,2,2,844
4,10,4,2,2455
5,13,2,2,1680
4,13,9,2,2275
4,14,4,2,2327
4,14,8,0,1722
4,14,11,2,2126
4,0,2,2,1305
4,9,3,2,566
4,3,1,0,2307
4,13,2,2,1623
4,14,4,2,715
4,13,11,2,1587
4,13,8,2,849
2,5,11,0,328
4,0,4,2,871
4,13,2,2,1416
4,9,11,2,1892
4,13,8,2,2711
4,11,8,2,853
0,13,11,2,436
4,0,2,2,1314
4,0,2,2,1529
4,0,2,2,227
4,0,2,2,1903
4,13,2,2,1570
4,13,2,2,2718
4,11,0,2,315
4,16,1,0,1687
4,1,2,2,843
5,7,2,0,1847
4,0,4,2,1477
5,3,2,0,2252
4,14,11,2,2416
4,13,2,2,925
4,7,2,2,1098
5,0,2,2,795
4,13,2,2,2869
4,0,2,2,1095
4,13,1,0,1690
1,14,1,0,2702
4,16,8,2,939
4,14,4,2,717
4,14,4,2,1395
4,0,1,2,331
4,13,4,2,2430
4,13,1,0,2541
4,3,1,0,561
4,0,2,2,2320
4,10,2,2,1071
4,0,2,2,2339
6,10,11,0,1713
4,5,0,2,1660
4,13,11,2,2701
4,13,2,2,1528
4,7,4,2,877
4,13,4,2,1062
4,3,4,2,2389
4,0,4,0,749
4,4,0,0,518
4,0,2,2,1401
4,14,0,2,301
5,8,2,2,1814
4,5,4,2,2742
4,5,2,2,85
4,0,2,2,1116
5,2,11,0,1840
4,0,2,2,1051
4,5,2,2,2154
4,8,9,0,2507
4,5,2,2,1951
4,0,2,2,1245
4,8,2,2,1102
4,14,4,2,2304
4,10,1,2,362
4,7,2,2,1010
4,13,9,2,2364
4,10,8,2,1728
4,14,8,2,861
4,7,2,2,2347
4,11,11,2,2849
4,7,2,2,994
4,14,3,2,148
4,0,4,2,1953
4,5,11,2,1566
4,3,11,2,383
4,13,1,2,2678
4,13,2,2,1151
4,14,4,2,2428
4,13,9,2,1756
4,0,11,2,1605
4,5,4,2,202
4,5,1,0,2014
4,5,1,2,333
4,3,3,0,1842
5,9,12,0,763
3,7,1,2,370
4,0,2,2,1357
4,16,2,2,2153
4,13,4,2,752
4,13,4,2,1600
5,8,2,0,2437
4,4,9,2,632
4,3,3,2,1869
4,16,3,0,1829
4,11,4,2,216
4,14,8,0,2040
4,14,1,2,171
4,14,0,2,2550
4,0,6,2,780
4,0,3,2,501
4,0,8,2,944
4,16,1,0,1686
4,3,1,0,649
4,0,11,2,625
4,16,9,2,1886
4,6,3,2,2380
4,14,8,2,1087
1,13,1,0,972
4,5,5,0,440
4,8,8,0,242
4,0,2,2,1872
4,0,2,2,1519
4,11,4,2,2680
4,0,2,2,1300
4,13,2,2,942
4,13,1,2,2169
5,8,2,2,2196
4,9,2,2,1156
4,14,4,2,872
0,13,9,2,2623
3,10,1,0,601
1,7,1,0,1775
4,9,0,2,2369
4,13,2,2,801
4,16,3,2,1773
4,11,4,2,676
4,6,11,0,2902
3,10,1,2,2173
4,5,8,2,1733
4,3,4,0,2641
4,0,2,0,2075
4,3,4,2,1175
2,16,10,0,2656
4,5,5,2,560
4,14,8,0,2039
3,7,0,0,1217
4,5,9,2,211
4,13,2,2,2871
4,5,9,2,2510
4,5,11,0,2671
4,9,3,2,221
4,13,2,2,924
0,4,11,2,232
4,0,11,2,1485
4,16,3,2,2844
4,3,9,2,2493
4,3,1,0,2284
4,16,3,2,631
4,0,2,2,2110
4,0,4,2,1927
4,0,2,2,2817
4,14,1,2,2372
4,13,2,2,1018
4,14,9,2,169
4,0,2,2,2815
4,8,9,2,125
4,14,0,0,2316
4,13,8,2,862
4,0,2,2,1984
4,13,9,2,126
1,8,1,0,2135
1,13,1,2,2155
4,4,1,0,2218
4,16,11,2,44
4,13,2,2,1341
4,10,1,2,2696
4,0,8,2,891
4,14,1,0,467
5,13,2,0,234
4,14,1,2,164
4,5,2,2,565
4,10,4,2,1286
4,5,4,2,664
4,13,2,2,1014
4,13,8,2,1141
5,2,2,0,2328
4,3,1,2,37
4,0,2,2,110
2,9,2,2,475
4,11,1,2,2699
4,3,3,2,2548
4,0,2,2,2760
4,0,11,2,2667
4,0,2,2,115
5,10,12,0,527
4,16,3,2,193
4,0,11,2,2665
4,13,9,2,2501
4,3,4,0,2578
4,10,6,2,1874
4,0,1,0,411
4,14,0,2,2370
4,0,2,2,2341
4,5,9,2,98
4,6,4,0,2073
4,9,4,2,1459
4,14,2,2,1183
4,14,9,2,170
4,14,4,2,163
4,10,4,2,1525
4,14,0,0,1678
4,14,8,0,637
4,11,4,2,2784
4,3,9,2,5
0,13,2,2,841
4,4,9,2,2563
4,0,2,2,1266
4,13,2,2,1227
4,13,0,0,2547
4,0,2,2,1220
4,0,2,2,1624
4,8,9,0,1852
4,5,2,2,1495
4,14,2,2,1180
4,13,0,2,2443
4,13,0,2,453
4,13,9,0,2005
4,0,2,2,1050
4,16,1,2,2593
3,8,1,0,2182
4,11,0,2,59
4,0,2,2,1462
4,13,2,2,1997
4,13,2,2,1153
4,7,3,2,2440
4,14,4,2,1256
4,5,8,0,1813
4,15,9,2,1884
5,13,2,2,1780
4,5,2,2,1483
4,5,3,2,94
4,14,4,2,480
4,5,2,2,2890
4,11,4,2,617
4,0,3,2,1777
4,14,3,2,154
4,0,2,2,1954
4,9,3,2,2312
4,3,0,2,312
4,7,0,2,856
4,4,9,2,515
4,0,2,2,1309
4,0,2,2,1278
4,5,4,2,2834
4,5,4,2,564
4,0,2,2,1297
4,0,10,2,913
4,14,8,2,645
4,11,8,2,2830
4,5,2,2,1384
4,13,4,0,695
4,5,4,2,88
5,14,2,2,265
4,0,11,2,107
4,3,4,2,237
4,14,3,2,2580
4,13,4,2,1249
4,5,3,2,1860
4,13,1,2,351
4,3,3,2,2575
4,0,11,2,1601
4,0,6,2,282
4,14,4,2,2304
4,14,4,2,1460
4,16,2,2,1534
4,0,10,2,915
4,0,2,2,1076
4,0,2,2,399
4,0,4,2,669
2,5,2,0,2759
4,4,4,0,517
4,3,4,2,1841
4,7,8,2,1739
4,5,4,2,733
4,0,0,2,590
5,10,2,2,2653
4,13,2,2,1261
4,14,8,2,2412
4,5,3,0,481
4,3,3,2,2376
2,2,2,2,526
4,11,3,2,2826
4,13,2,2,1467
4,13,2,2,1405
4,13,2,2,2864
4,5,4,2,95
4,0,2,2,1925
4,0,4,2,675
4,3,2,2,2681
4,13,4,2,2730
4,13,1,2,2908
4,3,3,2,1843
4,5,4,2,2639
4,5,11,0,2658
4,14,8,2,868
4,13,8,2,881
2,5,2,2,1656
4,0,2,2,2802
4,13,2,2,1420
4,0,1,2,1708
4,2,2,2,2345
4,0,8,2,890
4,14,2,2,1391
4,0,2,2,1307
4,14,1,2,376
4,5,0,2,1028
1,13,1,0,2515
4,13,8,2,1730
4,0,2,2,1400
4,11,11,0,2470
4,16,3,2,2197
4,0,2,2,775
4,3,4,2,1456
4,8,6,2,290
4,14,4,2,249
4,0,3,2,2226
4,11,4,2,2781
4,0,10,0,2080
4,16,4,0,607
4,8,3,2,1863
4,0,2,2,2733
4,15,4,2,2609
1,13,1,0,1185
4,13,9,2,2363
4,0,11,2,1437
4,16,2,2,406
2,13,11,0,977
2,5,2,0,1682
4,16,2,2,2238
4,0,2,2,776
4,5,4,2,1895
4,5,2,2,2336
5,2,12,0,230
4,0,2,2,910
4,0,9,2,222
4,0,2,2,2640
4,14,4,2,1671
4,14,3,2,2379
4,5,9,2,1888
4,14,2,2,2693
4,16,4,0,2026
4,14,4,2,670
4,5,9,2,104
4,14,8,2,852
4,13,2,2,840
4,7,2,0,2013
4,0,1,2,73
4,16,2,2,1044
4,0,2,2,1454
4,0,6,2,1196
4,14,4,2,143
6,14,11,0,589
4,9,9,2,2213
4,5,8,2,922
4,13,2,2,1292
4,3,4,2,873
5,0,2,2,2051
4,13,9,2,1804
4,13,1,2,342
4,14,1,2,172
4,16,2,2,2758
4,13,2,2,1559
4,13,9,2,2689
4,11,4,2,62
4,5,2,2,190
4,0,2,2,1312
4,5,8,0,797
4,16,2,2,2684
4,0,12,2,1193
4,14,3,2,146
4,7,1,2,2794
2,5,11,0,650
4,9,0,2,917
4,14,4,2,173
4,9,2,2,1757
4,16,3,2,502
1,8,1,0,1186
4,16,1,2,14
4,10,2,2,2677
4,0,3,2,2060
4,11,11,0,2024
4,5,8,0,2036
4,16,3,2,2382
4,4,4,2,2565
4,13,4,2,2532
4,13,8,2,643
4,13,2,2,800
4,0,11,2,2059
4,14,2,2,1082
4,14,4,0,692
4,0,2,2,1865
4,0,11,2,2375
4,9,4,2,1597
4,9,4,2,1453
4,11,1,0,2357
4,0,2,2,1966
4,0,10,2,792
4,11,11,2,2675
4,13,9,2,2838
4,13,2,2,2187
4,0,2,2,2811
4,5,4,2,937
4,13,2,2,1083
4,11,4,2,1032
4,13,11,2,1583
4,16,0,2,313
4,0,2,2,1354
4,13,2,2,1445
4,8,8,0,1718
4,13,11,2,1619
4,4,11,0,289
4,16,3,2,1830
2,0,10,2,2460
4,13,2,2,1934
4,14,3,2,2227
3,13,0,2,2519
4,0,2,2,2650
4,11,0,2,45
4,9,4,2,428
4,13,2,2,450
4,13,4,2,1470
4,14,8,2,888
1,13,1,1,2139
4,0,6,2,781
4,13,2,2,1998
4,14,4,2,2841
4,14,2,2,964
4,13,4,2,1226
4,0,2,2,1311
4,13,1,2,980
4,11,9,2,2614
4,0,11,2,1618
4,10,0,2,300
4,13,4,2,1760
2,8,2,2,1824
4,14,1,2,1991
4,16,3,2,512
4,0,6,2,2705
4,13,0,2,2543
4,14,8,2,646
4,0,2,2,458
4,5,4,2,96
4,0,2,2,930
0,13,2,2,2322
4,13,4,0,690
4,0,2,2,226
4,13,2,2,1447
4,0,2,2,807
4,3,4,2,2690
4,0,2,2,2804
4,0,11,2,1502
4,0,2,0,592
4,3,3,2,633
4,13,2,2,1224
4,9,4,2,294
4,11,9,2,1879
4,11,11,2,2676
4,11,11,2,2352
4,16,3,2,2189
4,5,4,2,81
4,11,8,2,245
4,14,0,0,798
4,15,4,2,731
4,3,2,2,2146
4,10,3,2,510
4,13,2,2,196
4,0,6,2,786
4,0,0,2,323
2,13,2,2,2325
5,2,12,0,1003
4,11,0,2,295
5,8,7,0,1179
4,16,1,0,2025
4,14,8,0,2763
4,9,2,2,212
4,13,1,2,2538
4,5,4,2,680
4,16,4,2,938
4,11,0,0,2069
2,13,11,0,2351
4,1,0,2,1792
2,2,2,2,1798
4,7,2,2,1021
4,0,2,2,960
4,0,6,2,790
4,9,4,2,1649
4,9,3,2,404
4,3,1,2,2140
4,7,2,2,2105
4,15,9,2,1820
4,5,2,0,2152
4,14,11,2,2581
4,14,11,2,161
3,8,1,0,2649
4,8,2,2,2732
4,8,6,2,789
4,13,2,2,1041
4,9,9,0,1900
4,13,11,2,655
2,9,10,0,529
4,11,8,2,1726
4,8,9,2,1851
4,16,3,2,2097
4,16,3,2,43
4,11,1,0,2632
4,5,9,0,611
4,3,4,2,928
4,14,3,2,494
5,10,2,2,541
4,14,4,2,1503
5,14,2,2,583
4,14,4,2,1694
4,13,1,2,388
4,11,3,2,65
4,6,1,2,2303
4,14,4,2,809
4,5,9,2,1889
4,0,2,2,1539
4,11,4,2,693
4,16,4,2,2392
4,14,4,2,1673
4,15,4,2,2608
4,13,4,2,701
4,0,11,2,522
4,5,2,2,1382
4,0,2,2,2724
4,3,5,2,2571
4,9,3,2,1213
2,13,8,2,1729
4,5,2,2,1963
4,0,2,2,959
4,0,2,2,2435
5,4,0,2,2132
4,0,2,2,2814
4,16,4,2,2554
4,5,2,2,2709
4,14,3,2,2604
4,9,3,2,1790
4,14,11,2,1786
4,5,2,2,2160
4,10,4,2,1283
4,16,1,0,603
4,13,8,2,997
5,14,2,0,2265
5,13,2,2,2577
4,3,4,2,30
4,15,1,2,380
4,14,1,2,349
4,0,2,2,1351
4,3,4,2,2286
4,13,1,2,2776
4,0,2,2,593
2,13,2,2,476
4,13,9,2,2495
4,13,2,2,1512
4,13,0,2,303
4,0,2,2,1105
4,13,2,2,1343
4,0,2,2,2067
4,11,3,2,2254
4,0,2,2,2442
4,14,4,2,1920
4,9,2,2,1235
5,5,11,0,2084
4,9,9,0,1897
4,14,3,2,1861
4,13,11,2,2448
4,5,4,2,86
4,8,2,0,2009
4,14,4,2,837
4,0,4,2,1259
4,13,3,0,486
4,6,1,2,2065
4,0,2,2,1277
4,0,2,2,1111
0,13,2,2,1127
4,3,4,2,810
4,13,2,2,1126
4,3,4,2,1945
4,5,3,0,1664
4,4,4,2,2454
4,0,2,2,1015
4,16,0,2,305
4,13,2,2,1527
4,5,2,2,1246
4,7,2,2,1273
4,0,2,2,1316
4,3,11,2,365
4,13,2,2,1404
4,5,2,2,975
4,13,4,2,735
4,0,2,2,598
4,0,3,0,493
6,10,11,0,273
4,16,1,2,2200
1,14,1,2,550
4,3,0,2,318
4,9,9,2,1881
4,5,4,2,702
4,14,4,2,1461
4,5,2,2,1338
4,10,11,2,1281
4,13,4,2,1409
4,13,2,2,1078
4,0,8,2,889
4,3,4,2,2253
4,14,4,2,2395
4,9,3,2,1781
4,8,2,2,1012
2,13,2,2,180
4,8,9,2,215
4,14,4,2,1397
4,16,4,2,739
4,13,11,2,1589
4,0,2,0,2083
4,13,11,2,188
4,13,2,2,1479
4,0,2,2,1983
4,14,0,2,2237
1,8,1,0,2133
4,13,2,2,2518
0,13,9,2,778
4,0,6,2,793
2,9,10,2,1916
4,16,9,2,1887
4,7,2,2,373
4,13,8,2,719
4,0,2,2,1490
4,14,2,2,2872
4,0,2,2,578
4,13,1,1,2008
4,5,2,0,2719
4,14,2,2,1026
4,13,11,2,1421
4,14,4,0,2308
4,5,3,2,2089
4,0,2,2,1321
4,3,4,0,1856
4,13,2,2,1439
4,0,8,2,1723
4,0,2,2,1244
4,6,8,0,459
4,13,2,2,1269
4,5,8,0,1724
3,7,1,2,345
4,14,0,2,802
4,16,3,2,497
5,9,2,2,2619
4,13,2,2,1923
4,3,4,2,1177
4,11,4,2,2373
4,0,11,2,1433
4,13,2,2,1800
4,9,3,2,2228
4,0,2,2,1902
5,7,2,2,1763
4,0,2,2,1381
0,13,2,0,2854
4,11,1,2,2201
4,5,3,2,90
4,5,4,2,618
3,8,1,0,2651
4,3,5,0,557
